Workbook

Sheet Profit
B1: 03.09.2024
B2: Activ | H2: Pasiv
B3: Denumire | C3: Dobanda | D3: Valoare | E3: Valoare dobanda | H3: Denumire | I3: Dobanda | J3: Valoare | K3: Valoare dobanda
B4: Depozite la alte banci comerciale | C4: =Robor_Robid!B2 -> 5.24 | D4: 1500 | E4: =C4*D4/100 -> 78.6 | H4: Imprumuturi primite de la alte banci comerciale | I4: =Robor_Robid!C2 -> 5.53 | J4: 3500 | K4: =I4*J4/100 -> 193.55
B5: Cretide de trezorerie | C5: =Robor_Robid!D2+2 -> 7.53 | D5: 17500 | E5: =C5*D5/100 -> 1317.75 | H5: Conturi curente | I5: 0.5 | J5: 21000 | K5: =I5*J5/100 -> 105
B6: Cretdite ipotecare | C6: =Robor_Robid!F2+1 -> 6.61 | D6: 22000 | E6: =C6*D6/100 -> 1454.2 | H6: Depozite la termen | I6: 6.5 | J6: 22000 | K6: =I6*J6/100 -> 1430
B7: Credite de consum | C7: 15 | D7: 17000 | E7: =C7*D7/100 -> 2550 | H7: Obligatiuni emise | I7: =Robor_Robid!E2+1 -> 6.55 | J7: 4500 | K7: =I7*J7/100 -> 294.75
B8: Obligatiuni corporative | C8: =Robor_Robid!F2+2 -> 7.61 | D8: 3000 | E8: =C8*D8/100 -> 228.3 | H8: Capital propriu | J8: 10000
B10: Total valoare dobanda activ | C10: =SUM(E4:E8) -> 5628.85
B11: Total valoare dobanda pasiv | C11: =SUM(K4:K8) -> 2023.3
B12: Profit | C12: =C10-C11 -> 3605.55
B13: Profit dupa impozitare | C13: =0.9*C12 -> 3244.995
B16: 03.09.1999
B17: Activ | H17: Pasiv
B18: Denumire | C18: Dobanda | D18: Valoare | E18: Valoare dobanda | H18: Denumire | I18: Dobanda | J18: Valoare | K18: Valoare dobanda
B19: Depozite la alte banci comerciale | C19: =Robor_Robid!B3 -> 32.21 | D19: 1500 | E19: =C19*D19/100 -> 483.15 | H19: Imprumuturi primite de la alte banci comerciale | I19: =Robor_Robid!C3 -> 62.86 | J19: 3500 | K19: =I19*J19/100 -> 2200.1
B20: Cretide de trezorerie | C20: =Robor_Robid!D3+2 -> 79.75 | D20: 17500 | E20: =C20*D20/100 -> 13956.25 | H20: Conturi curente | I20: 0.5 | J20: 21000 | K20: =I20*J20/100 -> 105
B21: Cretdite ipotecare | C21: =Robor_Robid!F3+1 -> 84.43 | D21: 22000 | E21: =C21*D21/100 -> 18574.6 | H21: Depozite la termen | I21: 6.5 | J21: 22000 | K21: =I21*J21/100 -> 1430
B22: Credite de consum | C22: 15 | D22: 17000 | E22: =C22*D22/100 -> 2550 | H22: Obligatiuni emise | I22: =Robor_Robid!E3+1 -> 84.46 | J22: 4500 | K22: =I22*J22/100 -> 3800.7
B23: Obligatiuni corporative | C23: =Robor_Robid!F3+2 -> 85.43 | D23: 3000 | E23: =C23*D23/100 -> 2562.9 | H23: Capital propriu | J23: 10000
B25: Total valoare dobanda activ | C25: =SUM(E19:E23) -> 38126.9
B26: Total valoare dobanda pasiv | C26: =SUM(K19:K23) -> 7535.8
B27: Profit | C27: =C25-C26 -> 30591.1
B28: Profit dupa impozitare | C28: =0.9*C27 -> 27531.99

Sheet Robor_Robid
A1: Data | B1: ROBID 1W | C1: ROBOR 1W | D1: ROBOR 1M | E1: ROBOR 3M | F1: ROBOR 6M
A2: 03.09.2024 | B2: 5.24 | C2: 5.53 | D2: 5.53 | E2: 5.55 | F2: 5.61
A3: 03.09.1999 | B3: 32.21 | C3: 62.86 | D3: 77.75 | E3: 83.46 | F3: 83.43
A6: Site BNR:
A7: 5.23 | B7: 5.23 | C7: 5.24 | D7: 5.24 | E7: 5.26 | F7: 5.28 | G7: - | H7: 5.3 | I7: 5.52 | J7: 5.52 | K7: 5.53 | L7: 5.53 | M7: 5.55 | N7: 5.61 | O7: - | P7: 5.65 | R7: 2024
A8: 17.39 | B8: 18.21 | C8: 32.21 | D8: 46.25 | E8: 52.93 | F8: 51.21 | G8: 48.96 | H8: 48 | I8: 48.85 | J8: 51 | K8: 62.86 | L8: 77.75 | M8: 83.46 | N8: 83.43 | O8: 81.5 | P8: 81.68 | R8: 1999
